{"best/epoch": 0, "best/precision": 0.0031606159087907803, "best/recall": 0.07407407407407407, "best/mAP_0.5": 0.0011420095377825178, "best/mAP_0.5:0.95": 0.000152895939764852, "Labels": {"_type": "images/separated", "width": 2000, "height": 2000, "format": "jpg", "count": 2, "captions": ["labels_correlogram.jpg", "labels.jpg"]}, "train/box_loss": 0.11510477215051651, "train/obj_loss": 0.042014311999082565, "train/cls_loss": 0.0, "metrics/precision": 0.0031606159087907803, "metrics/recall": 0.07407407407407407, "metrics/mAP_0.5": 0.0011420095377825178, "metrics/mAP_0.5:0.95": 0.000152895939764852, "val/box_loss": 0.11076022684574127, "val/obj_loss": 0.040669143199920654, "val/cls_loss": 0.0, "x/lr0": 6.000000000000001e-05, "x/lr1": 6.000000000000001e-05, "x/lr2": 0.09946, "_runtime": 38, "_timestamp": 1644324350, "_step": 0}